{
  "project_info": {
    "project_number": "572422068203",
    "project_id": "e-commerceandroidapp-5c467",
    "storage_bucket": "e-commerceandroidapp-5c467.appspot.com"
  },
  "client": [
    {
      "client_info": {
        "mobilesdk_app_id": "1:572422068203:android:379b81be5b1455d592abae",
        "android_client_info": {
          "package_name": "com.app.ecommerce"
        }
      },
      "oauth_client": [
        {
          "client_id": "572422068203-th8ogflfgf3j2uagsf4il0qbgdhuilfs.apps.googleusercontent.com",
          "client_type": 3
        }
      ],
      "api_key": [
        {
          "current_key": "AIzaSyAdt1-wpIZY2KYg18JClz7kNlwcfhWmEq8"
        }
      ],
      "services": {
        "appinvite_service": {
          "other_platform_oauth_client": [
            {
              "client_id": "572422068203-th8ogflfgf3j2uagsf4il0qbgdhuilfs.apps.googleusercontent.com",
              "client_type": 3
            }
          ]
        }
      }
    }
  ],
  "configuration_version": "1"
}